1,584-85-8349,Karissa,Readings,6800 Toban Way,Fort Worth,TX
2,250-16-8123,Tim,Hughlin,615 Gulseth Junction,Kansas City,MO
3,796-09-9157,Alanah,Hyett,1 Alpine Court,Lancaster,CA
4,716-15-6579,Missy,Dalling,7 Sycamore Alley,Baltimore,MD
5,133-10-9103,Letty,Scroyton,39290 Katie Parkway,Milwaukee,WI
6,719-65-7981,Alissa,Norvel,5 Continental Circle,Port Washington,NY
7,468-39-8487,Devondra,Shoute,19404 Lukken Trail,Jamaica,NY
8,472-08-1908,Auroora,Furze,9014 Village Lane,Fort Lauderdale,FL
9,725-29-0830,Fredek,McTaggart,8 Nelson Alley,Stockton,CA
10,571-61-7144,Adams,Tollett,4 Springs Avenue,South Bend,IN
11,624-06-2331,Alleyn,Rogerson,18369 Butternut Court,Chandler,AZ
12,603-08-6907,Egan,Mylechreest,6058 Walton Place,Arlington,TX
13,591-52-6963,Helyn,Bedrosian,59498 Grover Hill,Corpus Christi,TX
14,847-52-0327,Selena,Margram,15291 Pepper Wood Avenue,Washington,DC
15,641-61-8232,Jessie,Mayze,1 Butterfield Way,Indianapolis,IN
16,858-12-5628,Wells,Andreotti,71 Mesta Point,San Jose,CA
17,206-47-5063,Nance,Lorenc,02 Donald Plaza,Albuquerque,NM
18,174-90-5429,Daisey,Tooley,2 Atwood Trail,Des Moines,IA
19,309-16-8134,Cristian,Raggett,05 Beilfuss Terrace,Memphis,TN
20,356-70-2569,Pieter,Jeayes,8796 Luster Plaza,Allentown,PA
21,758-82-4914,Maxine,Troker,614 Waubesa Court,Santa Ana,CA
22,871-99-3788,Jonas,Helleckas,22 3rd Center,Boulder,CO
23,416-91-3288,Delcine,Tremmil,44447 Manufacturers Trail,Jackson,MS
24,157-79-5022,Sydelle,Hutton,8201 Warbler Road,New York City,NY
25,171-18-9963,Jacques,Gowthrop,49048 Redwing Point,El Paso,TX
26,715-45-9136,Pedro,Jean,775 Waubesa Circle,Modesto,CA
27,607-21-4183,Sheela,Gooch,237 Del Mar Avenue,Huntsville,AL
28,445-23-0498,Oliver,Parradye,4 Prairie Rose Junction,Kalamazoo,MI
29,201-38-2039,Diannne,Doylend,91964 Homewood Place,Winter Haven,FL
30,855-58-4957,Ruthi,Troy,186 Coolidge Alley,Salt Lake City,UT
31,387-27-1246,Kellen,Klimshuk,387 Bobwhite Parkway,Washington,DC
32,581-63-7071,Nickolai,Rizzolo,0287 Sunfield Junction,Birmingham,AL
33,710-69-2632,Cody,Tatton,395 Monument Terrace,Los Angeles,CA
34,619-09-0371,Gilbertina,Ottiwill,0 Rowland Junction,Hyattsville,MD
35,545-51-8730,Cris,Stinchcombe,0 Almo Lane,Lake Worth,FL
36,630-74-4430,Lowe,Middlemiss,623 Twin Pines Terrace,Birmingham,AL
37,277-50-4478,Elisabetta,Abrahmson,408 Roth Street,Paterson,NJ
38,297-14-7195,Merrili,Burton,1 Blackbird Hill,Seattle,WA
39,642-29-3285,Darnall,Angeau,11972 Schiller Parkway,Lehigh Acres,FL
40,225-39-2687,Katuscha,Fursse,7 Melrose Alley,Manassas,VA
41,838-26-9205,Hewe,Auty,78 Fairfield Court,Springfield,MA
42,516-50-4233,Jeremias,McGarvey,7 Meadow Valley Drive,Miami,FL
43,607-49-6834,Rossy,Farrear,1 Dexter Hill,Los Angeles,CA
44,390-22-6462,Wood,Cronin,6622 Meadow Vale Center,San Antonio,TX
45,512-68-8374,Dareen,Sweatland,3 Ronald Regan Place,Cincinnati,OH
46,240-40-2153,Ferguson,Ovise,8 Mockingbird Pass,Irving,TX
47,710-52-5128,Tory,Brotheridge,61 Golden Leaf Hill,Hayward,CA
48,313-72-7233,Beryl,Dawney,8048 Leroy Point,Atlanta,GA
49,331-54-2696,Barney,Aleso,82 Steensland Crossing,Seattle,WA
50,424-63-7309,Ronny,Carwithen,1734 Toban Terrace,El Paso,TX
51,434-68-6096,Cammy,Christofides,87 Farragut Hill,Alexandria,VA
52,465-74-4072,Udall,Cranmore,7 Rusk Terrace,Wichita Falls,TX
53,344-60-4466,Andreas,Sloey,85 Leroy Place,Evansville,IN
54,390-74-1765,Siffre,McIlmorow,95691 Welch Court,Norwalk,CT
55,428-48-2961,Jandy,Frenchum,984 Warner Terrace,Seattle,WA
56,124-57-8578,Melisa,Richings,911 Spohn Alley,Boise,ID
57,211-77-5502,Rudyard,Gorghetto,04315 Hagan Plaza,Fort Lauderdale,FL
58,785-90-0992,Deidre,Titherington,64766 Tennyson Pass,Fayetteville,NC
59,478-52-4343,Sergio,Scrogges,5385 Northwestern Place,Englewood,CO
60,367-54-5245,Ranice,Walak,880 Eastwood Pass,Cincinnati,OH
61,587-86-0072,Nap,Whittle,502 Erie Plaza,Memphis,TN
62,658-70-2896,Annice,felip,7698 Susan Parkway,Minneapolis,MN
63,898-69-2851,Bertha,Winnett,570 Independence Pass,Alexandria,VA
64,608-84-4182,Terri,Musgrove,49 Clyde Gallagher Trail,Indianapolis,IN
65,186-85-9028,Lavina,Huertas,011 Autumn Leaf Junction,El Paso,TX
66,253-28-7693,Karia,Wrassell,3 North Trail,Birmingham,AL
67,782-70-2051,Odelinda,Goodrick,08 Kingsford Hill,Dallas,TX
68,592-45-5634,Shandeigh,Treen,9 Eastlawn Lane,Chula Vista,CA
69,287-55-2713,Adamo,Wiltsher,0828 David Street,Round Rock,TX
70,250-47-3220,Nona,Whelpton,3877 Cambridge Drive,Louisville,KY
71,239-81-0744,Consalve,Worland,42 Sutteridge Street,Columbus,OH
72,527-67-0989,Reena,Flecknoe,010 Scofield Plaza,Pensacola,FL
73,826-73-4370,Dagmar,Sheahan,09332 Forest Dale Point,Fort Worth,TX
74,380-51-9712,Ana,Brasener,23 Pierstorff Alley,Youngstown,OH
75,608-77-9759,Flossi,Gass,95191 Boyd Lane,Atlanta,GA
76,556-32-5713,Ashlie,Biggs,5320 Sycamore Circle,Fort Worth,TX
77,321-39-2224,Jeno,Yitzhakof,100 Vidon Drive,Washington,DC
78,452-31-9223,Antonella,Jobke,0 Park Meadow Avenue,Tyler,TX
79,818-01-6836,Emelen,Tamlett,90 Gulseth Crossing,Gastonia,NC
80,104-04-8021,Jania,Nerne,8 Carberry Street,Newark,NJ
81,683-79-9478,Raf,Beasant,29 Messerschmidt Junction,Brooklyn,NY
82,838-22-8099,Siouxie,Quinevan,0 Pine View Plaza,Seattle,WA
83,489-03-0971,Bryon,Lamps,50871 Prairieview Alley,Orlando,FL
84,195-65-6403,Jessie,Neligan,84 Weeping Birch Terrace,Minneapolis,MN
85,509-54-3036,Germain,Giovanni,6 Boyd Court,Riverside,CA
86,149-09-6299,Virginie,Bransgrove,29 Sloan Junction,Rochester,NY
87,758-93-4729,Nancey,Haining,91 Sunfield Hill,Bakersfield,CA
88,159-31-1338,Rollin,Timlin,92883 Sommers Terrace,Augusta,GA
89,481-57-7633,Kelby,Winchcomb,52 Ludington Circle,Chicago,IL
90,634-83-3230,Lorry,Szymoni,5447 Mitchell Street,Bronx,NY
91,515-60-6259,Romonda,Blakeway,62780 Novick Drive,Austin,TX
92,693-83-8634,Rooney,Monketon,49 Dottie Court,Corpus Christi,TX
93,218-28-9224,Dacey,Fist,3323 Continental Drive,Houston,TX
94,612-59-9810,Sarene,Pimbley,0838 Sachs Lane,Honolulu,HI
95,685-30-6325,Georgie,Taffie,1972 Barby Hill,San Antonio,TX
96,886-31-0086,Sadie,Wordesworth,2625 Meadow Valley Place,Vienna,VA
97,149-28-5326,Livvyy,Hardcastle,6 Karstens Center,Rockville,MD
98,320-06-0626,Gib,Halegarth,7 Farmco Court,South Bend,IN
99,436-46-3993,Alida,Noon,7 Fuller Court,Louisville,KY
100,560-91-8765,Natalya,Gillard,3 Ramsey Pass,New York City,NY
